{"cameraMode":{"drawMode":0,"name":"Shaded","section":"Shading Mode"},"sceneLighting":true,"audioPlay":false,"sceneViewState":{"showFog":false,"showMaterialUpdate":false,"showSkybox":false,"showFlares":false,"showImageEffects":true,"showParticleSystems":false,"showVisualEffectGraphs":false,"m_FxEnabled":true},"in2DMode":false,"pivot":{"x":413.4584045410156,"y":213.96815490722657,"z":0.09198760986328125},"rotation":{"x":-0.04982453212141991,"y":0.0022250013425946237,"z":0.001958605833351612,"w":-0.999221682548523},"size":302.7495422363281,"orthographic":false}