{"cameraMode":{"drawMode":0,"name":"Shaded","section":"Shading Mode"},"sceneLighting":true,"audioPlay":false,"sceneViewState":{"showFog":false,"showMaterialUpdate":false,"showSkybox":false,"showFlares":false,"showImageEffects":true,"showParticleSystems":false,"showVisualEffectGraphs":false,"m_FxEnabled":true},"in2DMode":false,"pivot":{"x":864.9737548828125,"y":208.64578247070313,"z":1.6624984741210938},"rotation":{"x":-0.04982453212141991,"y":0.0022250013425946237,"z":0.001958605833351612,"w":-0.999221682548523},"size":295.20123291015627,"orthographic":false}