{"cameraMode":{"drawMode":0,"name":"Shaded","section":"Shading Mode"},"sceneLighting":true,"audioPlay":false,"sceneViewState":{"showFog":false,"showMaterialUpdate":false,"showSkybox":false,"showFlares":false,"showImageEffects":true,"showParticleSystems":false,"showVisualEffectGraphs":false,"m_FxEnabled":true},"in2DMode":false,"pivot":{"x":0.15445759892463685,"y":5.679698944091797,"z":0.5379245281219482},"rotation":{"x":-0.16271716356277467,"y":-0.06119215860962868,"z":0.012211292050778866,"w":-0.9851725101470947},"size":29.715272903442384,"orthographic":false}